{
  "funcattn": {
    "5": 2.3427423180733147,
    "10": 0.039323988803409975,
    "20": 0.0004834432640678443,
    "40": 0.00010962972951197969
  }
}